step,pop,avg_rep,avg_death,avg_mut
0,0,0,0,0
1,10425,0.04,0.02,0.04
2,23869,0.0399944,0.0200027,0.0400033
3,40501,0.0399987,0.020002,0.040007
4,60424,0.0400012,0.0199992,0.0400036
5,83501,0.0400041,0.0200005,0.0400029
6,108853,0.040004,0.0199987,0.0400049
7,136372,0.040006,0.0200019,0.0400032
8,165103,0.0400085,0.0199987,0.040004
9,194708,0.0400108,0.019998,0.0400026
10,223699,0.0400138,0.0199966,0.040004
11,251726,0.0400151,0.0199968,0.0400043
12,278310,0.0400184,0.0199971,0.0400049
13,303178,0.040019,0.0199971,0.0400056
14,325530,0.04002,0.0199952,0.0400044
15,345912,0.0400208,0.0199952,0.0400046
16,363814,0.0400216,0.0199947,0.0400039
17,379931,0.0400224,0.0199936,0.0400043
18,393995,0.0400234,0.0199914,0.0400035
19,405708,0.0400233,0.0199907,0.0400045
20,416043,0.0400238,0.0199889,0.0400032
21,424946,0.040024,0.0199875,0.0400035
22,432638,0.0400238,0.0199865,0.040004
23,438981,0.0400235,0.0199852,0.0400047
24,444718,0.0400234,0.0199843,0.0400041
25,449284,0.0400232,0.0199821,0.0400035
26,453514,0.0400235,0.019981,0.0400032
27,456756,0.0400232,0.0199791,0.0400033
28,459662,0.0400229,0.0199784,0.0400038
29,462326,0.0400226,0.0199774,0.0400037
30,464314,0.0400226,0.0199757,0.0400039
31,465959,0.0400222,0.0199739,0.0400045
32,467308,0.0400217,0.019972,0.0400047
33,468561,0.0400218,0.0199711,0.0400041
34,469473,0.0400217,0.0199699,0.0400041
35,470330,0.0400224,0.0199686,0.0400044
36,471300,0.0400223,0.0199681,0.0400046
37,472003,0.0400223,0.0199668,0.040004
38,472766,0.0400225,0.019966,0.0400041
39,473060,0.0400226,0.0199647,0.0400038
40,473183,0.0400225,0.019963,0.0400038
41,473532,0.0400228,0.0199617,0.0400041
42,473750,0.0400229,0.019961,0.0400039
43,474230,0.040023,0.01996,0.0400034
44,474402,0.0400226,0.0199587,0.040003
45,474573,0.0400221,0.0199581,0.0400024
46,474521,0.0400225,0.0199574,0.0400024
47,474673,0.0400232,0.0199567,0.0400025
48,474599,0.0400228,0.0199562,0.0400022
49,474826,0.0400235,0.0199553,0.0400021
50,475056,0.040023,0.0199545,0.040002
51,475261,0.0400223,0.0199531,0.0400026
52,475301,0.0400228,0.0199519,0.0400026
53,475380,0.0400221,0.0199503,0.0400022
54,475421,0.0400217,0.0199496,0.0400026
55,475599,0.040022,0.0199486,0.0400022
56,475734,0.0400217,0.0199473,0.0400027
57,475728,0.0400217,0.0199468,0.0400029
58,475725,0.0400215,0.0199459,0.0400029
59,476029,0.0400216,0.0199448,0.0400033
60,475880,0.0400218,0.0199441,0.0400039
61,475894,0.0400217,0.0199428,0.0400039
62,475782,0.0400213,0.0199424,0.0400038
63,476089,0.040021,0.0199414,0.0400037
64,476154,0.040021,0.0199407,0.0400035
65,476219,0.0400208,0.0199408,0.0400036
66,476131,0.0400211,0.0199405,0.0400036
67,476309,0.040021,0.0199396,0.0400037
68,476252,0.0400204,0.0199392,0.0400037
69,476449,0.0400207,0.019938,0.0400034
70,476639,0.0400208,0.0199376,0.0400038
71,476911,0.0400202,0.0199374,0.0400038
72,476317,0.0400198,0.0199374,0.0400037
73,476449,0.0400203,0.0199373,0.0400036
74,476476,0.0400199,0.0199368,0.0400041
75,476199,0.04002,0.0199363,0.0400042
76,476424,0.0400202,0.0199357,0.0400045
77,476359,0.0400199,0.0199356,0.0400045
78,476270,0.04002,0.0199354,0.0400051
79,476335,0.0400201,0.0199356,0.0400042
80,476241,0.0400199,0.019935,0.040004
81,476025,0.0400202,0.0199344,0.0400035
82,475777,0.0400197,0.019933,0.0400029
83,475900,0.0400199,0.0199334,0.0400027
84,475736,0.0400195,0.0199331,0.0400026
85,475999,0.0400198,0.0199332,0.0400031
86,476093,0.0400196,0.0199324,0.0400032
87,476092,0.0400201,0.0199314,0.0400032
88,475999,0.04002,0.0199305,0.0400029
89,475953,0.0400193,0.0199303,0.0400024
90,475919,0.0400194,0.0199297,0.0400024
91,475980,0.0400196,0.019929,0.0400023
92,476181,0.0400191,0.0199286,0.0400023
93,476130,0.0400188,0.0199285,0.040002
94,476016,0.0400194,0.0199283,0.0400017
95,476107,0.0400196,0.0199277,0.0400011
96,476048,0.0400195,0.0199273,0.0400011
97,475971,0.0400192,0.0199269,0.0400014
98,475952,0.0400187,0.0199263,0.0400016
99,476130,0.0400189,0.019926,0.0400019
100,476288,0.0400188,0.0199263,0.0400017
101,476223,0.0400188,0.0199255,0.0400018
102,476308,0.0400186,0.0199251,0.0400018
103,476409,0.0400187,0.0199251,0.0400015
104,476399,0.0400189,0.0199248,0.0400019
105,476309,0.0400195,0.0199247,0.0400016
106,476348,0.0400193,0.0199238,0.0400016
107,476298,0.0400184,0.0199234,0.0400013
108,476348,0.0400185,0.0199226,0.0400012
109,476528,0.0400185,0.0199218,0.0400006
110,476460,0.0400183,0.0199216,0.0400008
111,476422,0.0400187,0.0199211,0.0400012
112,476421,0.0400188,0.0199209,0.0400008
113,476166,0.0400187,0.0199204,0.0400006
114,476056,0.0400184,0.0199208,0.0400005
115,475996,0.0400183,0.01992,0.0400004
116,476205,0.0400186,0.0199196,0.0400001
117,476291,0.0400185,0.0199191,0.0399999
118,476499,0.0400183,0.0199189,0.0399998
119,476553,0.0400183,0.0199186,0.0399992
120,476503,0.0400176,0.019918,0.039999
121,476517,0.0400179,0.0199176,0.039999
122,476666,0.0400179,0.0199176,0.0399982
123,476669,0.040018,0.0199176,0.0399982
124,476695,0.0400179,0.0199173,0.0399977
125,476525,0.0400172,0.0199174,0.039998
126,476551,0.0400178,0.0199169,0.0399979
127,476669,0.0400178,0.0199172,0.0399974
128,476671,0.0400182,0.0199172,0.0399976
129,476800,0.0400183,0.0199173,0.0399976
130,476805,0.0400184,0.0199168,0.0399973
131,476777,0.0400186,0.0199167,0.0399969
132,476345,0.0400182,0.0199161,0.0399969
133,476395,0.0400185,0.0199156,0.0399967
134,476467,0.0400186,0.0199158,0.0399966
135,476657,0.0400186,0.0199158,0.0399965
136,476647,0.0400182,0.0199158,0.0399968
137,476693,0.0400186,0.0199155,0.0399964
138,476570,0.0400185,0.0199151,0.0399966
139,476501,0.0400184,0.019915,0.039997
140,476711,0.0400183,0.0199147,0.0399971
141,476770,0.0400179,0.0199146,0.0399973
142,476572,0.0400175,0.0199141,0.0399972
143,476645,0.040018,0.0199138,0.0399971
144,476553,0.040018,0.019914,0.0399976
145,476543,0.0400177,0.0199136,0.0399977
146,476259,0.0400173,0.0199138,0.0399982
147,476172,0.0400177,0.0199135,0.0399985
148,476490,0.0400177,0.0199134,0.0399982
149,476391,0.0400176,0.0199126,0.0399981
150,476740,0.0400178,0.0199125,0.039998
151,476455,0.0400176,0.0199127,0.0399981
152,476340,0.0400179,0.0199125,0.0399984
153,476321,0.0400184,0.0199127,0.0399982
154,476541,0.0400186,0.0199132,0.0399977
155,476334,0.0400187,0.0199126,0.0399976
156,476539,0.0400179,0.0199129,0.0399973
157,476449,0.0400177,0.0199124,0.0399972
158,476125,0.0400181,0.019912,0.0399971
159,476137,0.040018,0.0199121,0.039997
160,476267,0.0400175,0.0199121,0.0399971
161,476205,0.0400174,0.0199118,0.0399972
162,476380,0.0400173,0.0199114,0.0399971
163,476357,0.0400179,0.0199113,0.0399975
164,476379,0.0400178,0.0199114,0.0399973
165,476488,0.0400177,0.0199108,0.0399976
166,476404,0.040018,0.019911,0.0399969
167,476312,0.040018,0.0199108,0.039997
168,476383,0.0400178,0.0199105,0.0399965
169,476436,0.040018,0.0199102,0.0399967
170,476538,0.040018,0.0199104,0.0399966
171,476412,0.040018,0.0199101,0.039996
172,476592,0.0400181,0.0199094,0.039996
173,476476,0.0400182,0.0199091,0.0399958
174,476595,0.0400183,0.019909,0.0399954
175,476476,0.0400182,0.019909,0.0399956
176,476402,0.0400178,0.019909,0.0399956
177,476485,0.0400181,0.0199087,0.0399959
178,476510,0.0400184,0.0199083,0.0399958
179,476660,0.0400181,0.019908,0.0399962
180,476472,0.040018,0.0199079,0.0399964
181,476213,0.040018,0.0199076,0.0399965
182,476206,0.0400178,0.0199079,0.0399967
183,476310,0.0400177,0.0199075,0.0399971
184,476181,0.0400176,0.0199078,0.0399969
185,476096,0.040018,0.0199074,0.0399971
186,476212,0.0400181,0.0199073,0.0399968
187,475967,0.0400183,0.019907,0.0399967
188,475993,0.0400188,0.0199071,0.0399968
189,475865,0.040019,0.019907,0.0399967
190,476082,0.0400186,0.0199074,0.0399967
191,476371,0.0400187,0.019907,0.0399969
192,476252,0.0400187,0.0199074,0.0399964
193,476207,0.0400187,0.0199071,0.0399965
194,476191,0.0400191,0.0199072,0.0399959
195,476069,0.0400197,0.0199076,0.0399962
196,476288,0.0400197,0.0199074,0.0399966
197,476348,0.0400197,0.0199069,0.0399962
198,476586,0.0400194,0.0199065,0.0399961
199,476503,0.0400188,0.0199059,0.0399957
200,476457,0.0400189,0.0199054,0.0399957
201,476583,0.0400192,0.0199055,0.0399959
202,476515,0.0400196,0.0199056,0.0399959
203,476521,0.0400199,0.0199056,0.0399959
204,476403,0.0400202,0.0199051,0.0399954
205,476123,0.0400199,0.0199056,0.0399955
206,475966,0.0400199,0.0199055,0.0399957
207,475796,0.0400197,0.0199059,0.0399958
208,475771,0.0400194,0.0199056,0.0399961
209,475825,0.040019,0.0199054,0.039996
210,476096,0.0400191,0.0199046,0.0399963
211,476173,0.0400195,0.0199044,0.0399961
212,476127,0.0400197,0.0199044,0.0399959
213,476219,0.0400194,0.0199045,0.0399962
214,476221,0.0400191,0.0199045,0.0399957
215,476242,0.0400195,0.0199043,0.0399955
216,476218,0.0400196,0.019904,0.0399958
217,476290,0.0400195,0.0199036,0.0399956
218,476085,0.0400194,0.0199029,0.0399957
219,476341,0.0400191,0.0199026,0.0399961
220,476501,0.0400194,0.019902,0.0399963
221,476468,0.0400192,0.0199017,0.0399965
222,476530,0.0400189,0.019901,0.0399967
223,476534,0.0400186,0.0199011,0.0399974
224,476608,0.0400186,0.0199009,0.0399979
225,476799,0.040019,0.0199009,0.0399976
226,476792,0.0400189,0.0199008,0.0399973
227,476608,0.0400184,0.0199007,0.0399976
228,476399,0.0400188,0.0199007,0.0399977
229,476475,0.0400188,0.0199007,0.0399972
230,476681,0.0400187,0.0199009,0.0399971
231,476678,0.0400186,0.019901,0.0399973
232,476871,0.0400189,0.0199009,0.0399972
233,476684,0.0400194,0.0199006,0.0399972
234,476602,0.0400192,0.0199004,0.0399968
235,476672,0.0400194,0.0199001,0.0399966
236,476457,0.0400197,0.0198997,0.0399963
237,476710,0.0400195,0.0198996,0.039996
238,476368,0.0400197,0.0198996,0.0399964
239,476213,0.0400202,0.0198998,0.0399964
240,476017,0.0400205,0.0198993,0.0399965
241,476318,0.0400207,0.019899,0.0399963
242,476157,0.0400206,0.0198985,0.0399959
243,476081,0.0400204,0.0198983,0.0399962
244,475967,0.0400203,0.0198979,0.039996
245,475992,0.0400207,0.019898,0.0399962
246,476009,0.0400207,0.019898,0.0399964
247,476139,0.0400206,0.0198979,0.0399963
248,476203,0.0400206,0.0198982,0.0399961
249,476336,0.040021,0.0198981,0.0399962
250,476131,0.0400207,0.0198976,0.0399959
251,476129,0.0400214,0.0198977,0.0399962
252,476131,0.0400216,0.0198978,0.039996
253,476188,0.0400216,0.0198978,0.039996
254,476347,0.040021,0.0198978,0.039996
255,476508,0.0400207,0.019897,0.0399958
256,476614,0.0400209,0.019897,0.0399959
257,476637,0.0400206,0.0198973,0.0399958
258,476512,0.0400203,0.0198974,0.0399957
259,476493,0.0400205,0.0198972,0.0399957
260,476303,0.040021,0.0198969,0.0399959
261,476353,0.0400205,0.0198964,0.0399957
262,476177,0.0400209,0.0198962,0.039996
263,476242,0.0400209,0.0198964,0.0399959
264,476461,0.0400207,0.0198963,0.0399954
265,476214,0.0400209,0.0198962,0.0399951
266,476049,0.0400209,0.0198954,0.0399953
267,476049,0.040021,0.019895,0.0399951
268,475926,0.0400207,0.0198954,0.0399955
269,476241,0.0400211,0.0198957,0.0399958
270,476466,0.0400215,0.019896,0.0399959
271,476521,0.0400214,0.0198962,0.0399965
272,476506,0.0400217,0.0198964,0.0399967
273,476232,0.040022,0.0198959,0.0399964
274,476319,0.0400216,0.0198955,0.0399964
275,476528,0.040022,0.0198955,0.0399964
276,476533,0.040022,0.0198954,0.0399961
277,476371,0.0400217,0.0198957,0.039996
278,476318,0.0400215,0.0198953,0.0399963
279,476410,0.0400223,0.0198954,0.0399967
280,476535,0.0400221,0.0198954,0.0399967
281,476695,0.0400222,0.019895,0.0399973
282,476533,0.0400225,0.0198948,0.0399974
283,476561,0.0400225,0.0198951,0.0399971
284,476381,0.0400223,0.0198952,0.0399972
285,476419,0.0400222,0.0198952,0.0399974
286,476054,0.0400221,0.0198948,0.0399968
287,476167,0.0400221,0.0198949,0.0399964
288,476300,0.0400218,0.0198951,0.0399965
289,476337,0.0400223,0.0198949,0.0399963
290,476296,0.0400223,0.019895,0.0399964
291,476198,0.0400228,0.0198951,0.0399965
292,476231,0.0400232,0.0198949,0.0399962
293,476203,0.040023,0.0198954,0.0399964
294,476250,0.040023,0.0198952,0.0399964
295,476280,0.040023,0.0198952,0.0399968
296,476408,0.0400228,0.0198953,0.0399971
297,476619,0.0400228,0.0198953,0.0399968
298,476491,0.0400223,0.0198957,0.0399968
299,476480,0.0400223,0.0198956,0.0399962
300,476440,0.0400218,0.0198955,0.0399963
301,476558,0.0400218,0.0198952,0.0399965
302,476243,0.0400211,0.0198954,0.0399963
303,476336,0.0400212,0.0198952,0.0399961
304,476409,0.0400211,0.0198949,0.0399962
305,476316,0.0400208,0.0198945,0.0399963
306,476297,0.0400206,0.0198942,0.0399965
307,476442,0.040021,0.0198941,0.0399967
308,476573,0.0400211,0.0198936,0.0399968
309,476610,0.0400206,0.0198935,0.0399965
310,476584,0.0400206,0.0198934,0.0399962
311,476651,0.0400206,0.0198928,0.0399964
312,476475,0.0400205,0.0198926,0.0399965
313,476486,0.0400208,0.019892,0.0399966
314,476674,0.0400212,0.0198917,0.0399969
315,476613,0.0400214,0.0198918,0.0399971
316,476441,0.0400213,0.0198919,0.0399969
317,476472,0.0400212,0.0198914,0.0399972
318,476484,0.0400211,0.0198917,0.0399974
319,476370,0.0400211,0.0198917,0.0399975
320,476240,0.0400213,0.0198917,0.0399975
321,476230,0.0400216,0.0198912,0.0399977
322,476451,0.0400219,0.0198907,0.0399978
323,476560,0.0400223,0.0198903,0.0399981
324,476641,0.0400224,0.0198904,0.0399986
325,476495,0.0400225,0.0198904,0.0399979
326,476479,0.0400223,0.01989,0.039998
327,476461,0.0400219,0.0198903,0.0399981
328,476475,0.0400226,0.0198899,0.0399982
329,476531,0.0400222,0.0198899,0.0399982
330,476479,0.040022,0.0198898,0.039998
331,476404,0.0400219,0.0198899,0.0399982
332,476309,0.0400216,0.01989,0.0399976
333,476227,0.0400215,0.0198899,0.0399971
334,476466,0.0400215,0.0198894,0.0399973
335,476567,0.040022,0.0198891,0.0399974
336,476514,0.0400216,0.019889,0.0399977
337,476415,0.0400214,0.0198889,0.0399978
338,476366,0.0400217,0.0198888,0.0399984
339,476489,0.0400216,0.0198885,0.0399979
340,476653,0.0400214,0.0198886,0.0399982
341,476556,0.0400217,0.0198882,0.0399977
342,476565,0.0400217,0.0198882,0.0399976
343,476536,0.0400221,0.0198884,0.0399976
344,476426,0.0400224,0.019888,0.0399977
345,476474,0.0400231,0.0198876,0.0399975
346,476528,0.0400233,0.0198878,0.039997
347,476578,0.0400234,0.0198879,0.0399969
348,476586,0.0400237,0.0198878,0.0399974
349,476752,0.0400242,0.0198878,0.0399973
350,476646,0.0400245,0.0198874,0.0399976
351,476679,0.0400245,0.0198875,0.0399976
352,476993,0.0400246,0.019888,0.039997
353,476958,0.0400247,0.0198879,0.0399973
354,476583,0.0400242,0.0198878,0.0399976
355,476542,0.0400242,0.0198875,0.0399977
356,476424,0.0400241,0.0198876,0.039998
357,476365,0.0400237,0.0198876,0.0399988
358,476472,0.0400238,0.0198874,0.0399989
359,476483,0.0400242,0.0198874,0.0399984
360,476443,0.0400241,0.0198874,0.0399983
361,476451,0.040024,0.0198873,0.0399978
362,476489,0.040024,0.0198876,0.039998
363,476442,0.0400243,0.0198872,0.0399981
364,476282,0.0400244,0.0198873,0.0399978
365,476395,0.0400245,0.0198873,0.0399981
366,476450,0.0400242,0.0198876,0.0399979
367,476286,0.0400244,0.0198874,0.0399984
368,476168,0.0400245,0.0198873,0.039999
369,476137,0.0400247,0.0198874,0.0399993
370,476058,0.0400251,0.0198875,0.039999
371,476410,0.0400252,0.0198878,0.0399994
372,476336,0.0400252,0.0198875,0.0399997
373,476301,0.0400255,0.0198872,0.0399994
374,476236,0.0400252,0.019887,0.0399991
375,476211,0.0400248,0.019887,0.0399993
376,476401,0.0400244,0.019887,0.0399993
377,476623,0.0400241,0.0198868,0.0399999
378,476550,0.040024,0.0198872,0.0399999
379,476535,0.040024,0.0198876,0.0399998
380,476494,0.040024,0.0198874,0.0399996
381,476371,0.0400239,0.0198876,0.0399994
382,476420,0.0400238,0.0198877,0.0399998
383,476600,0.0400241,0.019888,0.0399996
384,476680,0.0400241,0.019888,0.0399998
385,476670,0.0400236,0.0198877,0.0399996
386,476589,0.0400234,0.0198882,0.0399999
387,476503,0.0400234,0.0198878,0.0399997
388,476635,0.0400234,0.0198878,0.0399995
389,476699,0.0400236,0.0198879,0.0399994
390,476624,0.0400237,0.0198881,0.0399993
391,476354,0.0400237,0.0198879,0.0399995
392,476242,0.0400238,0.0198881,0.0399993
393,476520,0.0400241,0.0198883,0.0399994
394,476591,0.040024,0.0198882,0.0399996
395,476595,0.0400236,0.0198879,0.0399997
396,476739,0.0400234,0.0198878,0.0399999
397,476242,0.0400233,0.0198877,0.0399997
398,476309,0.0400234,0.0198871,0.0399995
399,476508,0.0400233,0.0198874,0.0399996
400,476500,0.0400236,0.0198874,0.0399994
401,476316,0.0400241,0.019887,0.0399995
402,476287,0.0400241,0.0198868,0.0399997
403,476290,0.0400245,0.0198866,0.0399994
404,476265,0.0400247,0.0198865,0.0399994
405,476216,0.0400246,0.0198861,0.0399996
406,476338,0.0400249,0.0198859,0.0399995
407,476392,0.0400252,0.019886,0.0399996
408,476710,0.0400251,0.0198859,0.0399997
409,476411,0.0400251,0.0198857,0.0399999
410,476617,0.040025,0.019886,0.0399999
411,476448,0.0400251,0.0198859,0.0399997
412,476172,0.040025,0.0198855,0.0399996
413,476236,0.0400248,0.0198855,0.0399991
414,476282,0.0400247,0.0198857,0.0399989
415,476395,0.040024,0.0198853,0.0399984
416,476514,0.0400244,0.0198856,0.0399984
417,476404,0.0400244,0.019885,0.0399979
418,476544,0.0400247,0.0198848,0.0399979
419,476765,0.0400247,0.0198842,0.0399974
420,476839,0.0400242,0.0198844,0.0399975
421,476767,0.040024,0.019884,0.0399975
422,476762,0.0400238,0.019884,0.0399977
423,476677,0.0400238,0.0198839,0.0399974
424,476584,0.0400241,0.0198839,0.0399978
425,476487,0.0400246,0.0198839,0.0399978
426,476617,0.0400246,0.0198838,0.0399981
427,476692,0.0400246,0.0198833,0.0399988
428,476716,0.0400244,0.0198839,0.0399986
429,476787,0.0400245,0.0198835,0.0399992
430,476676,0.0400245,0.0198832,0.0399996
431,476561,0.0400247,0.0198828,0.04
432,476386,0.0400246,0.0198825,0.0399995
433,476270,0.0400244,0.0198823,0.0399997
434,476273,0.0400244,0.0198823,0.0399994
435,476496,0.0400244,0.0198824,0.0399992
436,476686,0.0400243,0.0198823,0.039999
437,476965,0.0400251,0.0198825,0.0399987
438,477035,0.0400254,0.0198823,0.039999
439,476886,0.0400252,0.0198822,0.0399987
440,476719,0.040025,0.0198822,0.0399988
441,476567,0.0400249,0.0198818,0.0399988
442,476743,0.0400251,0.0198818,0.0399988
443,476735,0.0400251,0.0198821,0.0399983
444,476414,0.0400246,0.0198821,0.0399983
445,476405,0.0400246,0.0198822,0.0399981
446,476314,0.0400245,0.0198824,0.0399981
447,476317,0.0400245,0.0198825,0.0399977
448,476312,0.0400246,0.0198827,0.0399978
449,476186,0.0400247,0.0198824,0.0399975
450,475927,0.0400247,0.0198826,0.0399977
451,475901,0.0400247,0.019883,0.0399978
452,476181,0.0400247,0.0198832,0.0399978
453,476474,0.0400247,0.0198828,0.0399977
454,476626,0.0400245,0.0198828,0.0399979
455,476772,0.0400249,0.0198826,0.0399981
456,476695,0.0400255,0.019882,0.0399983
457,476721,0.0400255,0.0198823,0.0399984
458,476661,0.0400257,0.019882,0.0399986
459,476557,0.0400258,0.0198819,0.0399985
460,476606,0.0400258,0.0198818,0.0399989
461,476421,0.0400261,0.0198814,0.0399993
462,476338,0.0400264,0.0198813,0.0399992
463,476387,0.0400264,0.0198816,0.0399992
464,476296,0.0400266,0.0198816,0.0399988
465,476249,0.0400269,0.019881,0.0399986
466,476384,0.0400269,0.019881,0.0399983
467,476657,0.040027,0.0198808,0.039999
468,476534,0.040027,0.0198806,0.039999
469,476662,0.0400274,0.0198804,0.039999
470,476763,0.0400276,0.01988,0.0399988
471,476771,0.0400274,0.01988,0.0399984
472,476700,0.0400276,0.0198799,0.0399986
473,476593,0.0400271,0.0198795,0.0399991
474,476489,0.040027,0.0198792,0.0399994
475,476341,0.040027,0.0198793,0.0399993
476,476479,0.0400271,0.019879,0.0399993
477,476365,0.0400272,0.0198793,0.0399995
478,476380,0.0400269,0.0198788,0.0399992
479,476165,0.0400271,0.0198785,0.0399998
480,476276,0.0400273,0.0198784,0.0399994
481,476318,0.0400276,0.0198785,0.0399994
482,476375,0.0400277,0.0198783,0.0399989
483,476366,0.0400273,0.0198779,0.0399988
484,476303,0.0400275,0.0198782,0.0399994
485,476194,0.0400272,0.0198776,0.0399994
486,475937,0.0400274,0.0198771,0.0399991
487,475873,0.0400276,0.0198768,0.0399993
488,476226,0.0400275,0.0198771,0.0399991
489,476444,0.0400279,0.0198769,0.0399988
490,476394,0.0400277,0.0198775,0.0399984
491,476603,0.0400269,0.0198773,0.039999
492,476728,0.0400267,0.0198777,0.0399989
493,476673,0.0400268,0.0198773,0.0399991
494,476460,0.0400269,0.0198772,0.0399992
495,476313,0.0400265,0.0198772,0.0399989
496,476483,0.0400264,0.0198774,0.0399991
497,476753,0.040026,0.0198774,0.0399991
498,476730,0.0400256,0.0198765,0.0399994
499,476821,0.0400256,0.0198764,0.0399992
500,476607,0.0400258,0.0198761,0.0399996
501,476714,0.040026,0.019876,0.0399996
502,476557,0.040026,0.0198757,0.0399999
503,476667,0.0400259,0.0198754,0.0399998
504,477002,0.040026,0.019875,0.0399999
505,476988,0.0400261,0.0198751,0.0399992
506,476789,0.0400261,0.0198743,0.0399989
507,476632,0.0400256,0.0198744,0.0399988
508,476483,0.0400257,0.0198745,0.039999
509,476360,0.0400259,0.0198743,0.0399989
510,476577,0.0400259,0.019874,0.0399992
511,476556,0.0400259,0.0198734,0.0399989
512,476874,0.040026,0.019873,0.0399993
513,476806,0.0400263,0.0198731,0.0399991
514,476856,0.0400268,0.0198729,0.0399998
515,476747,0.0400268,0.0198723,0.0399998
516,476471,0.040027,0.0198718,0.04
517,476542,0.0400274,0.0198718,0.0400004
518,476748,0.0400273,0.0198714,0.0400007
519,476696,0.0400279,0.0198717,0.0400011
520,476475,0.0400281,0.0198719,0.0400009
521,476352,0.0400281,0.0198721,0.0400009
522,476548,0.0400282,0.0198717,0.040001
523,476447,0.0400286,0.0198719,0.0400009
524,476365,0.0400286,0.019872,0.0400007
525,476427,0.0400288,0.0198724,0.0400007
526,476487,0.0400287,0.0198722,0.0400006
527,476566,0.0400291,0.019872,0.0400009
528,476500,0.0400294,0.0198722,0.0400009
529,476616,0.0400298,0.019872,0.0400011
530,476517,0.0400298,0.0198722,0.0400014
531,476585,0.0400296,0.0198724,0.0400005
532,476598,0.0400303,0.0198719,0.0400008
533,476815,0.0400295,0.0198723,0.0400007
534,476496,0.0400298,0.0198717,0.0400004
535,476721,0.0400298,0.0198715,0.0400004
536,476712,0.0400297,0.0198718,0.0400004
537,476621,0.04003,0.0198719,0.0400007
538,476552,0.0400299,0.0198716,0.0400006
539,476507,0.04003,0.0198715,0.04
540,476461,0.0400296,0.0198715,0.0400002
541,476498,0.0400295,0.0198715,0.0400001
542,476540,0.0400293,0.0198714,0.0399999
543,476559,0.0400297,0.019871,0.0400003
544,476646,0.04003,0.0198707,0.0400001
545,476935,0.04003,0.0198704,0.0400004
546,476861,0.0400302,0.0198704,0.0400004
547,476700,0.0400304,0.01987,0.0400006
548,476722,0.0400304,0.0198699,0.0400006
549,476495,0.0400308,0.0198693,0.0400007
550,476430,0.0400307,0.0198694,0.0400007
551,476254,0.0400309,0.0198694,0.040001
552,476169,0.0400307,0.0198697,0.040001
553,476234,0.040031,0.019869,0.0400014
554,476238,0.0400306,0.0198684,0.040001
555,476225,0.0400304,0.0198679,0.0400009
556,476216,0.040031,0.0198682,0.0400015
557,476300,0.0400305,0.0198681,0.0400019
558,476306,0.040031,0.0198675,0.0400021
559,476140,0.0400309,0.0198675,0.0400024
560,476035,0.0400312,0.0198672,0.0400025
561,475947,0.0400312,0.0198676,0.0400014
562,476061,0.0400308,0.0198674,0.0400013
563,475981,0.0400309,0.0198677,0.0400015
564,476106,0.0400314,0.0198677,0.0400017
565,476220,0.0400311,0.019868,0.0400013
566,476258,0.0400316,0.0198673,0.0400013
567,476271,0.0400316,0.019867,0.0400015
568,476498,0.0400315,0.0198672,0.0400016
569,476632,0.0400323,0.0198672,0.0400014
570,476590,0.0400324,0.0198676,0.0400012
571,476124,0.040033,0.0198672,0.0400013
572,476116,0.0400333,0.0198667,0.0400015
573,476022,0.0400331,0.0198667,0.0400014
574,475973,0.0400331,0.0198666,0.0400013
575,475968,0.0400326,0.0198667,0.0400012
576,476213,0.0400326,0.0198669,0.0400017
577,476363,0.0400326,0.0198671,0.0400017
578,476464,0.0400324,0.0198673,0.0400014
579,476620,0.0400325,0.0198667,0.0400012
580,476720,0.0400332,0.0198668,0.040001
581,476752,0.0400329,0.019867,0.0400014
582,477094,0.0400332,0.019867,0.0400012
583,477004,0.0400335,0.0198666,0.0400014
584,476750,0.0400332,0.0198665,0.0400012
585,476827,0.0400333,0.0198666,0.0400018
586,476872,0.0400332,0.0198668,0.0400019
587,476720,0.0400334,0.019867,0.0400019
588,476768,0.0400333,0.0198665,0.0400018
589,476875,0.0400335,0.0198666,0.0400016
590,476602,0.0400331,0.019866,0.0400011
591,476554,0.040033,0.0198664,0.0400013
592,476384,0.040033,0.019866,0.0400015
593,476469,0.0400335,0.0198655,0.0400013
594,476435,0.0400333,0.0198652,0.0400012
595,476449,0.0400334,0.0198651,0.0400013
596,476507,0.0400334,0.0198653,0.0400016
597,476551,0.0400329,0.0198651,0.0400012
598,476491,0.0400327,0.0198655,0.0400012
599,476615,0.0400326,0.0198653,0.0400004
600,476872,0.0400328,0.0198651,0.0400002
601,476803,0.0400331,0.0198649,0.0400003
602,476879,0.0400331,0.0198651,0.0400001
603,476763,0.0400332,0.0198648,0.0400002
604,476886,0.0400331,0.0198647,0.0400002
605,476733,0.0400329,0.0198642,0.0399999
606,476509,0.0400322,0.0198646,0.0399994
607,476161,0.0400325,0.0198642,0.0399996
608,476088,0.0400324,0.0198635,0.0399999
609,476166,0.0400324,0.0198636,0.0400002
610,476327,0.0400326,0.0198636,0.0399998
611,476268,0.040033,0.0198632,0.0399997
612,476090,0.0400332,0.0198627,0.0399995
613,476045,0.0400335,0.019862,0.0399993
614,476236,0.0400335,0.0198615,0.0399993
615,476273,0.040034,0.0198616,0.0399989
616,476580,0.040034,0.0198614,0.0399987
617,476433,0.0400336,0.0198613,0.0399983
618,476515,0.0400334,0.0198613,0.0399984
619,476488,0.0400332,0.019861,0.039998
620,476312,0.0400336,0.0198606,0.0399985
621,476567,0.0400338,0.0198605,0.0399984
622,476686,0.0400341,0.0198603,0.0399986
623,476711,0.040034,0.0198607,0.0399989
624,476549,0.0400342,0.0198608,0.0399986
625,476749,0.0400342,0.0198602,0.0399988
626,476690,0.0400338,0.01986,0.0399992
627,476391,0.040034,0.0198603,0.0399993
628,476482,0.0400342,0.0198596,0.0399988
629,476410,0.0400337,0.0198592,0.0399982
630,476479,0.0400342,0.0198593,0.0399986
631,476501,0.0400343,0.0198594,0.0399985
632,476717,0.0400343,0.0198598,0.0399987
633,476944,0.0400339,0.0198603,0.0399989
634,476792,0.0400344,0.0198599,0.039999
635,476786,0.0400344,0.0198605,0.0399992
636,476897,0.0400343,0.0198604,0.0399993
637,477121,0.0400347,0.0198603,0.0399994
638,477141,0.0400352,0.0198603,0.0399994
639,477105,0.0400348,0.0198602,0.0399993
640,476896,0.040035,0.0198598,0.0399992
641,476989,0.0400353,0.0198598,0.0399993
642,476842,0.0400354,0.0198595,0.0399995
643,476760,0.0400353,0.0198592,0.0399993
644,476688,0.0400356,0.0198591,0.0399993
645,476749,0.0400354,0.0198592,0.0399991
646,477024,0.0400351,0.0198595,0.0399985
647,476862,0.0400347,0.0198589,0.0399987
648,476670,0.0400346,0.0198587,0.0399988
649,476649,0.0400344,0.0198587,0.0399989
650,476634,0.0400346,0.0198582,0.0399999
651,476602,0.0400341,0.0198581,0.0400004
652,476748,0.0400341,0.0198574,0.04
653,476605,0.0400348,0.0198576,0.0399999
654,476140,0.0400348,0.0198573,0.0399996
655,476095,0.0400351,0.0198567,0.0399995
656,476279,0.0400354,0.0198569,0.0399994
657,476376,0.0400356,0.0198571,0.0399993
658,476565,0.0400353,0.0198571,0.0399993
659,476658,0.040035,0.0198568,0.0399995
660,476594,0.0400353,0.0198563,0.0399993
661,476489,0.0400354,0.019856,0.0399996
662,476138,0.0400354,0.0198556,0.0399991
663,476127,0.0400353,0.0198557,0.039999
664,476490,0.0400351,0.019856,0.039999
665,476611,0.0400348,0.0198555,0.0399985
666,476572,0.040035,0.0198555,0.0399985
667,476882,0.0400356,0.0198552,0.0399982
668,476865,0.0400356,0.0198549,0.0399983
669,476693,0.0400358,0.0198543,0.0399985
670,476686,0.0400361,0.0198547,0.0399982
671,476644,0.0400363,0.0198552,0.0399985
672,476596,0.0400364,0.0198549,0.0399986
673,476587,0.040036,0.019854,0.0399987
674,476805,0.0400357,0.0198538,0.0399991
675,476637,0.0400353,0.0198537,0.0399982
676,476428,0.0400349,0.0198535,0.0399983
677,476824,0.0400353,0.0198533,0.0399989
678,476879,0.0400355,0.0198533,0.0399991
679,476836,0.0400356,0.019853,0.0399987
680,476645,0.0400362,0.0198532,0.0399985
681,476590,0.0400361,0.0198534,0.0399984
682,476827,0.0400356,0.0198534,0.0399986
683,476758,0.0400358,0.0198531,0.0399989
684,476633,0.0400357,0.0198532,0.0399988
685,476618,0.0400356,0.0198528,0.039999
686,476553,0.0400359,0.0198525,0.0399991
687,476678,0.0400359,0.0198523,0.0399988
688,476673,0.040036,0.0198525,0.0399986
689,476419,0.0400362,0.0198519,0.039999
690,476569,0.0400365,0.0198516,0.0399992
691,476574,0.0400365,0.0198516,0.0399988
692,476515,0.0400366,0.0198518,0.0399986
693,476508,0.0400369,0.0198514,0.0399985
694,476240,0.0400367,0.0198515,0.0399986
695,476374,0.0400369,0.0198512,0.0399989
696,476652,0.0400371,0.0198507,0.0399997
697,476581,0.0400369,0.0198505,0.0399991
698,476638,0.0400371,0.01985,0.0399992
699,476665,0.0400375,0.01985,0.0399994
700,476700,0.0400377,0.01985,0.0399995
701,476722,0.0400376,0.0198495,0.0399997
702,476478,0.0400381,0.0198495,0.0399995
703,476555,0.0400387,0.0198491,0.0399992
704,476512,0.0400388,0.0198487,0.0399996
705,476326,0.0400389,0.0198485,0.0399999
706,476349,0.0400385,0.0198487,0.0399998
707,476317,0.0400384,0.0198489,0.0399998
708,475998,0.0400381,0.0198491,0.0399998
709,476030,0.0400381,0.0198496,0.0399998
710,476104,0.040038,0.0198492,0.0399994
711,476102,0.0400381,0.0198491,0.0399992
712,476034,0.0400379,0.0198496,0.0399988
713,476240,0.0400376,0.0198495,0.039999
714,476249,0.0400372,0.0198489,0.0399992
715,476461,0.0400374,0.0198493,0.0399994
716,476713,0.0400375,0.0198489,0.0399995
717,476585,0.0400379,0.0198484,0.0399995
718,476496,0.0400382,0.0198482,0.0399993
719,476573,0.0400387,0.0198481,0.0399995
720,476705,0.040039,0.019848,0.0399993
721,476460,0.0400384,0.0198483,0.0399996
722,476398,0.040038,0.0198481,0.0399994
723,476473,0.040038,0.0198476,0.0399992
724,476676,0.0400382,0.0198472,0.0399993
725,476731,0.0400382,0.0198468,0.0399994
726,476756,0.0400384,0.0198465,0.0399997
727,476799,0.0400387,0.0198462,0.0400004
728,476617,0.0400388,0.019846,0.04
729,476573,0.040039,0.0198455,0.0400001
730,476582,0.0400389,0.0198455,0.04
731,476665,0.0400391,0.0198451,0.0400003
732,476681,0.0400395,0.0198447,0.0399999
733,476798,0.0400397,0.0198447,0.0399997
734,476712,0.0400396,0.0198449,0.0399997
735,476688,0.0400392,0.0198449,0.0399996
736,476600,0.0400395,0.019845,0.04
737,476482,0.0400399,0.0198456,0.0400002
738,476504,0.0400403,0.0198463,0.0400007
739,476456,0.0400403,0.0198455,0.0400001
740,476581,0.0400405,0.0198454,0.0399998
741,476449,0.0400407,0.0198449,0.0400002
742,476462,0.0400407,0.0198446,0.0399997
743,476292,0.0400405,0.0198439,0.0399997
744,476642,0.0400403,0.0198434,0.0399994
745,476573,0.0400409,0.0198432,0.0399995
746,476632,0.0400407,0.0198433,0.0399997
747,476492,0.0400403,0.0198431,0.0399995
748,476732,0.0400401,0.019843,0.0399993
749,476865,0.0400399,0.0198427,0.0399985
750,476716,0.0400396,0.0198426,0.0399986
751,476931,0.0400397,0.0198427,0.0399988
752,476784,0.0400391,0.0198427,0.0399987
753,476832,0.0400392,0.0198429,0.0399985
754,476836,0.0400395,0.0198427,0.0399994
755,476558,0.0400396,0.0198422,0.0399994
756,476461,0.04004,0.0198418,0.0399993
757,476298,0.0400403,0.0198419,0.0399992
758,476567,0.0400404,0.0198422,0.0399992
759,476595,0.0400403,0.0198419,0.0399997
760,476614,0.0400404,0.0198423,0.0399994
761,476713,0.0400403,0.0198422,0.0399999
762,476415,0.0400411,0.019842,0.0399999
763,476276,0.040041,0.0198416,0.0399997
764,476274,0.0400416,0.0198413,0.0399995
765,476579,0.0400414,0.0198411,0.0399996
766,476510,0.0400411,0.0198402,0.0399995
767,476575,0.0400411,0.0198399,0.0399994
768,476379,0.0400411,0.0198389,0.0399992
769,476264,0.040041,0.0198386,0.0399993
770,476229,0.0400406,0.019838,0.0399993
771,476424,0.0400406,0.0198378,0.0399993
772,476271,0.0400409,0.0198373,0.0399997
773,476144,0.0400409,0.019837,0.0399996
774,476164,0.0400407,0.0198369,0.0399996
775,476062,0.040041,0.019837,0.0399996
776,475822,0.0400412,0.019837,0.0399995
777,475943,0.0400411,0.0198371,0.0399999
778,476013,0.0400409,0.0198376,0.0400002
779,476120,0.0400412,0.0198377,0.0400004
780,476182,0.0400413,0.0198377,0.0400003
781,476109,0.0400416,0.0198381,0.0400001
782,476175,0.040042,0.0198383,0.0399997
783,476361,0.0400425,0.019838,0.0399994
784,476229,0.0400424,0.0198372,0.0399996
785,476197,0.040042,0.0198369,0.0399993
786,476133,0.0400418,0.0198366,0.0399994
787,476238,0.0400427,0.0198359,0.0399993
788,476051,0.040043,0.0198355,0.0399999
789,476182,0.0400429,0.0198356,0.0399998
790,476149,0.0400424,0.0198353,0.0399998
791,476311,0.0400423,0.0198356,0.0400002
792,476549,0.0400425,0.0198351,0.0400001
793,476663,0.0400421,0.0198353,0.0400003
794,476553,0.0400421,0.0198355,0.0400002
795,476537,0.0400423,0.019835,0.0400003
796,476463,0.0400426,0.0198351,0.0399997
797,476301,0.0400433,0.0198345,0.0399993
798,476381,0.0400436,0.0198341,0.0399998
799,476434,0.0400441,0.0198344,0.0399993
800,476426,0.0400442,0.0198338,0.0399988
801,476514,0.0400442,0.0198337,0.039999
802,476367,0.0400441,0.0198332,0.0399992
803,476287,0.0400438,0.0198334,0.039999
804,476555,0.0400441,0.0198333,0.0399996
805,476749,0.0400439,0.019833,0.0399998
806,476743,0.040044,0.019833,0.0399995
807,476598,0.0400436,0.0198328,0.0399995
808,476663,0.0400441,0.0198327,0.0399996
809,476532,0.0400442,0.0198319,0.0399995
810,476437,0.0400443,0.0198319,0.0399995
811,476391,0.0400445,0.0198319,0.0399996
812,476300,0.0400447,0.0198316,0.0400001
813,476217,0.0400448,0.0198312,0.0400004
814,476276,0.0400449,0.0198315,0.0400004
815,476216,0.0400448,0.0198317,0.0400008
816,476175,0.0400443,0.0198309,0.0400011
817,476189,0.0400445,0.0198309,0.0400009
818,476303,0.0400445,0.01983,0.0400005
819,476243,0.0400446,0.0198298,0.0400004
820,476415,0.0400445,0.0198293,0.0400009
821,476554,0.0400442,0.0198295,0.0400017
822,476562,0.0400444,0.0198292,0.0400018
823,476757,0.0400446,0.0198287,0.0400021
824,476726,0.0400447,0.0198292,0.0400022
825,476796,0.0400448,0.01983,0.0400021
826,476727,0.0400446,0.0198296,0.0400018
827,476493,0.0400449,0.0198295,0.0400016
828,476355,0.040045,0.0198289,0.0400015
829,476367,0.0400456,0.0198289,0.040001
830,476523,0.0400455,0.0198287,0.0400014
831,476751,0.0400454,0.0198286,0.0400009
832,476623,0.0400456,0.0198283,0.0400009
833,476437,0.0400459,0.0198281,0.0400006
834,476216,0.0400461,0.019828,0.0400012
835,476107,0.040046,0.0198277,0.0400011
836,476280,0.0400458,0.0198269,0.0400006
837,476445,0.040046,0.0198261,0.0400008
838,476405,0.0400466,0.0198257,0.0400007
839,476558,0.0400468,0.0198252,0.0400007
840,476715,0.0400468,0.0198247,0.0400006
841,476978,0.0400471,0.019824,0.0400009
842,476867,0.0400472,0.0198239,0.0400011
843,476932,0.0400473,0.0198238,0.0400011
844,476607,0.0400477,0.0198238,0.040001
845,476829,0.0400481,0.0198239,0.0400009
846,476679,0.0400476,0.0198235,0.0400004
847,476403,0.0400477,0.0198233,0.0400004
848,476643,0.0400477,0.0198233,0.0400006
849,476502,0.0400474,0.0198225,0.040001
850,476355,0.0400477,0.0198216,0.0400008
851,476400,0.0400483,0.0198211,0.0400011
852,476395,0.0400483,0.0198204,0.040001
853,476437,0.0400482,0.0198203,0.0400013
854,476657,0.040048,0.0198205,0.0400006
855,476486,0.0400478,0.0198204,0.0400002
856,476573,0.0400479,0.0198204,0.0399998
857,476506,0.0400482,0.0198196,0.0399996
858,476651,0.0400478,0.0198192,0.0399993
859,476499,0.0400483,0.0198187,0.039999
860,476569,0.0400483,0.0198189,0.0399989
861,476565,0.0400485,0.0198189,0.039999
862,476646,0.0400486,0.0198186,0.0399991
863,476753,0.040049,0.0198179,0.0399993
864,476599,0.0400495,0.0198179,0.0399991
865,476444,0.0400494,0.0198173,0.0399996
866,476487,0.0400491,0.0198175,0.0399993
867,476565,0.0400492,0.0198172,0.0399996
868,476635,0.0400492,0.0198172,0.0399993
869,476467,0.0400496,0.0198172,0.0399991
870,476410,0.0400497,0.0198169,0.0399992
871,476657,0.0400498,0.0198167,0.0399995
872,476665,0.0400495,0.019817,0.0399999
873,476597,0.0400494,0.0198169,0.0399998
874,476644,0.0400497,0.0198174,0.0399994
875,476731,0.0400504,0.0198175,0.0399994
876,476961,0.0400506,0.0198172,0.0399992
877,476870,0.0400509,0.019817,0.0399994
878,476726,0.0400506,0.0198166,0.0399993
879,476563,0.0400511,0.0198163,0.0399995
880,476735,0.040051,0.0198158,0.0399991
881,476686,0.0400511,0.0198153,0.0399993
882,476483,0.0400503,0.0198153,0.0399997
883,476646,0.0400505,0.0198148,0.0399996
884,476604,0.0400508,0.0198148,0.0399998
885,476494,0.0400511,0.0198141,0.0399998
886,476534,0.0400511,0.0198138,0.0399997
887,476604,0.0400508,0.0198139,0.0399998
888,476662,0.0400508,0.0198142,0.0400004
889,476712,0.040051,0.0198149,0.0400006
890,476683,0.0400513,0.0198143,0.0400004
891,476582,0.0400508,0.0198139,0.0400007
892,476776,0.0400511,0.0198134,0.0400005
893,476565,0.0400512,0.0198135,0.0400001
894,476578,0.0400517,0.0198127,0.0399996
895,476581,0.0400521,0.0198125,0.0399995
896,476409,0.040052,0.0198118,0.0399997
897,476601,0.0400524,0.0198113,0.0399999
898,476783,0.0400529,0.0198108,0.0399998
899,476602,0.0400529,0.0198107,0.0400002
900,476399,0.040053,0.0198106,0.0400003
901,476444,0.0400536,0.0198101,0.0400003
902,476562,0.0400535,0.0198095,0.0400007
903,476684,0.0400538,0.019809,0.0400007
904,476872,0.0400535,0.0198091,0.0400007
905,476703,0.040054,0.0198088,0.0400013
906,476436,0.0400544,0.0198087,0.0400012
907,476505,0.0400552,0.0198087,0.0400013
908,476629,0.0400555,0.0198086,0.0400017
909,476631,0.0400558,0.0198083,0.0400017
910,476512,0.0400555,0.0198081,0.040002
911,476655,0.0400553,0.0198077,0.040002
912,476898,0.0400553,0.0198073,0.0400021
913,476788,0.0400555,0.0198073,0.0400015
914,476774,0.0400556,0.0198071,0.0400021
915,476678,0.0400561,0.0198069,0.0400021
916,476599,0.0400559,0.0198072,0.0400028
917,476927,0.040056,0.0198069,0.0400026
918,476691,0.0400558,0.0198062,0.0400027
919,476771,0.0400554,0.0198065,0.0400025
920,476807,0.0400551,0.0198065,0.0400027
921,476822,0.0400554,0.0198061,0.0400028
922,476741,0.040056,0.019806,0.0400025
923,476638,0.0400564,0.0198054,0.0400024
924,476653,0.0400565,0.0198051,0.0400023
925,476844,0.0400563,0.0198052,0.0400016
926,476766,0.0400562,0.0198052,0.0400023
927,476916,0.0400566,0.0198049,0.0400026
928,476799,0.0400566,0.0198049,0.0400028
929,476820,0.0400563,0.0198048,0.0400026
930,476902,0.0400561,0.0198045,0.0400025
931,476784,0.0400563,0.0198038,0.0400024
932,476819,0.0400565,0.0198037,0.0400021
933,476891,0.0400561,0.0198032,0.0400013
934,476768,0.040057,0.0198027,0.0400015
935,476667,0.0400569,0.0198026,0.0400014
936,476864,0.0400575,0.0198022,0.0400013
937,476786,0.0400575,0.0198019,0.0400013
938,476724,0.0400576,0.0198016,0.0400014
939,476860,0.0400578,0.0198015,0.0400008
940,476945,0.040058,0.019801,0.040001
941,476741,0.0400582,0.0198011,0.0400008
942,476731,0.0400583,0.019801,0.0400005
943,476489,0.0400582,0.0198007,0.0400008
944,476284,0.0400583,0.0198006,0.0400007
945,476430,0.0400577,0.0198002,0.0400005
946,476366,0.0400581,0.0197996,0.0400005
947,476412,0.0400578,0.0197998,0.0400002
948,476506,0.0400578,0.0198,0.0400005
949,476582,0.0400578,0.0197997,0.0400005
950,476545,0.0400574,0.0198004,0.0400006
951,476700,0.040057,0.0198001,0.0400003
952,476568,0.0400564,0.0198003,0.0399997
953,476424,0.0400568,0.0197997,0.0400003
954,476560,0.0400566,0.0197994,0.0400007
955,476666,0.0400562,0.0197986,0.040001
956,476547,0.0400564,0.0197982,0.0400012
957,476470,0.0400563,0.0197979,0.0400013
958,476646,0.0400565,0.0197978,0.040001
959,476856,0.0400569,0.0197973,0.0400011
960,476993,0.0400564,0.0197976,0.0400007
961,476923,0.0400571,0.0197972,0.0400007
962,476892,0.040057,0.019797,0.0400007
963,477023,0.0400573,0.0197967,0.0400002
964,476714,0.0400571,0.0197963,0.0400004
965,476810,0.0400568,0.0197962,0.0400006
966,476987,0.0400574,0.0197963,0.0400008
967,477039,0.0400578,0.0197959,0.0400015
968,477035,0.0400574,0.0197951,0.0400019
969,477097,0.0400568,0.019795,0.040002
970,477128,0.0400567,0.0197952,0.0400022
971,477090,0.0400561,0.0197952,0.040002
972,477059,0.0400563,0.0197955,0.0400016
973,476951,0.0400562,0.0197955,0.0400013
974,476825,0.0400561,0.0197955,0.0400011
975,476404,0.0400564,0.019795,0.0400006
976,476604,0.0400565,0.0197945,0.0400004
977,476573,0.0400566,0.0197941,0.04
978,476648,0.0400566,0.0197939,0.0400002
979,476673,0.0400574,0.0197931,0.0400004
980,476625,0.0400576,0.0197932,0.0400007
981,476483,0.0400574,0.0197929,0.0400005
982,476342,0.0400577,0.0197931,0.0400008
983,476649,0.0400572,0.019793,0.040001
984,476846,0.0400568,0.0197929,0.0400009
985,476890,0.0400568,0.0197931,0.0400012
986,476833,0.0400565,0.0197928,0.0400015
987,476874,0.040056,0.0197929,0.0400012
988,476947,0.0400562,0.0197922,0.0400012
989,477131,0.0400563,0.0197924,0.0400015
990,477093,0.0400561,0.0197922,0.0400013
991,477022,0.0400564,0.019792,0.0400014
992,477112,0.0400564,0.0197919,0.0400016
993,477196,0.0400565,0.0197918,0.040002
994,477192,0.0400565,0.0197916,0.0400022
995,477067,0.0400563,0.0197917,0.040002
996,477138,0.0400565,0.0197911,0.0400017
997,477100,0.0400561,0.0197909,0.0400019
998,477049,0.0400562,0.0197908,0.0400018
999,476876,0.0400564,0.0197901,0.0400017
